{"Classifier": {"0": "RandomForest", "1": "SVC", "2": "KNN", "3": "RandomForest", "4": "SVC", "5": "KNN", "6": "RandomForest", "7": "SVC", "8": "KNN", "9": "RandomForest", "10": "SVC", "11": "KNN", "12": "RandomForest", "13": "SVC", "14": "KNN"}, "Umap dimension": {"0": 360, "1": 360, "2": 360, "3": 360, "4": 360, "5": 360, "6": 360, "7": 360, "8": 360, "9": 360, "10": 360, "11": 360, "12": 360, "13": 360, "14": 360}, "Dataset": {"0": "KuHar", "1": "KuHar", "2": "KuHar", "3": "RealWorld", "4": "RealWorld", "5": "RealWorld", "6": "MotionSense", "7": "MotionSense", "8": "MotionSense", "9": "WISDM", "10": "WISDM", "11": "WISDM", "12": "UCI", "13": "UCI", "14": "UCI"}, "accuracy - mean": {"0": 0.840650406504065, "1": 0.6585365853658537, "2": 0.5447154471544715, "3": 0.7873127340823969, "4": 0.7317415730337079, "5": 0.670880149812734, "6": 0.8354700854700855, "7": 0.7393162393162394, "8": 0.6965811965811965, "9": 0.701764095468696, "10": 0.62435143548945, "11": 0.4804565894154272, "12": 0.8625931445603575, "13": 0.736214605067064, "14": 0.7153502235469449}, "accuracy - std": {"0": 0.019307873312256783, "1": 0.0, "2": 0.0, "3": 0.005325773228685639, "4": 0.0, "5": 0.0, "6": 0.009745089103411448, "7": 0.0, "8": 0.0, "9": 0.005402704576456435, "10": 0.0, "11": 0.0, "12": 0.006658213980235073, "13": 0.0, "14": 0.0}, "f1 score (weighted) - mean": {"0": 0.8396506250566557, "1": 0.6196088802796555, "2": 0.5012001048111783, "3": 0.7839111081523302, "4": 0.681181541970241, "5": 0.671116707004818, "6": 0.83337264481621, "7": 0.6828937695405545, "8": 0.6668037865356113, "9": 0.6994316972856618, "10": 0.5538635818896983, "11": 0.4723370422694673, "12": 0.8624315423944884, "13": 0.6828844152380011, "14": 0.7190171958623948}, "f1 score (weighted) - std": {"0": 0.019544522713434653, "1": 0.0, "2": 0.0, "3": 0.005790675676938345, "4": 0.0, "5": 0.0, "6": 0.00999473946817697, "7": 0.0, "8": 0.0, "9": 0.0053192820250838, "10": 0.0, "11": 0.0, "12": 0.006708223092728364, "13": 0.0, "14": 0.0}, "f1-score - mean - sit": {"0": 0.942494032152038, "1": 0.6666666666666667, "2": 0.6902654867256637, "3": 0.5983425146794067, "4": 0.6482504604051565, "5": 0.5512195121951219, "6": 0.8136697295216889, "7": 0.6666666666666666, "8": 0.6681922196796338, "9": 0.6746541119530228, "10": 0.6486168334314303, "11": 0.565342544617156, "12": 0.8535191474188475, "13": 0.12820512820512822, "14": 0.6369047619047619}, "f1-score - mean - stand": {"0": 0.9474778371574312, "1": 0.1702127659574468, "2": 0.24390243902439024, "3": 0.6994622024803354, "4": 0.010869565217391304, "5": 0.40710382513661203, "6": 0.7862038198235348, "7": 0.012738853503184714, "8": 0.5068493150684932, "9": 0.7129116784262309, "10": 0.06349206349206349, "11": 0.24467353951890036, "12": 0.8417319794109774, "13": 0.6683046683046683, "14": 0.5095057034220533}, "f1-score - mean - walk": {"0": 0.7308192257164252, "1": 0.6666666666666666, "2": 0.6796116504854369, "3": 0.7926435499163242, "4": 0.7924528301886792, "5": 0.7587168758716876, "6": 0.8226348480674103, "7": 0.8679245283018868, "8": 0.8452380952380951, "9": 0.516587405061204, "10": 0.45618247298919556, "11": 0.4030226700251889, "12": 0.8675459248937638, "13": 0.8906249999999999, "14": 0.827338129496403}, "f1-score - mean - stair up": {"0": 0.733491092070585, "1": 0.5405405405405406, "2": 0.4000000000000001, "3": 0.8384245536628543, "4": 0.8299866131191433, "5": 0.7415730337078652, "6": 0.7671051167900189, "7": 0.7692307692307692, "8": 0.7524752475247524, "9": NaN, "10": NaN, "11": NaN, "12": 0.8629129173066511, "13": 0.8923076923076922, "14": 0.7918367346938776}, "f1-score - mean - stair down": {"0": 0.7159539919539919, "1": 0.7088607594936709, "2": 0.125, "3": 0.8223325739042998, "4": 0.8643533123028392, "5": 0.6333333333333333, "6": 0.8587708405752912, "7": 0.8389057750759878, "8": 0.24742268041237114, "9": NaN, "10": NaN, "11": NaN, "12": 0.8896135344798427, "13": 0.8973384030418251, "14": 0.8545454545454546}, "f1-score - mean - run": {"0": 0.9676675712894621, "1": 0.9647058823529412, "2": 0.868421052631579, "3": 0.9522612542707615, "4": 0.9411764705882354, "5": 0.9347536617842876, "6": 0.951851514119315, "7": 0.9418960244648319, "8": 0.9806451612903225, "9": 0.9620777347421965, "10": 0.9486552567237163, "11": 0.88659793814433, "12": NaN, "13": NaN, "14": NaN}, "f1-score - mean - stair up and down": {"0": NaN, "1": NaN, "2": NaN, "3": NaN, "4": NaN, "5": NaN, "6": NaN, "7": NaN, "8": NaN, "9": 0.6233159850189873, "10": 0.6633165829145728, "11": 0.23868312757201643, "12": NaN, "13": NaN, "14": NaN}, "f1-score - std - sit": {"0": 0.015057940921954442, "1": 0.0, "2": 0.0, "3": 0.01886256990540642, "4": 0.0, "5": 0.0, "6": 0.005971072617919092, "7": 0.0, "8": 0.0, "9": 0.00852436818070281, "10": 0.0, "11": 0.0, "12": 0.007935250002120248, "13": 0.0, "14": 0.0}, "f1-score - std - stand": {"0": 0.012495496664400908, "1": 0.0, "2": 0.0, "3": 0.007135226936565926, "4": 0.0, "5": 0.0, "6": 0.007059206809480148, "7": 0.0, "8": 0.0, "9": 0.008529696518352505, "10": 0.0, "11": 0.0, "12": 0.008942752284156795, "13": 0.0, "14": 0.0}, "f1-score - std - walk": {"0": 0.03167210285752295, "1": 0.0, "2": 0.0, "3": 0.00806075003880214, "4": 0.0, "5": 0.0, "6": 0.020771036726327328, "7": 0.0, "8": 0.0, "9": 0.009156054449086928, "10": 0.0, "11": 0.0, "12": 0.011481618295187224, "13": 0.0, "14": 0.0}, "f1-score - std - stair up": {"0": 0.053153262116642855, "1": 0.0, "2": 0.0, "3": 0.006074642522182639, "4": 0.0, "5": 0.0, "6": 0.027734429343255724, "7": 0.0, "8": 0.0, "9": NaN, "10": NaN, "11": NaN, "12": 0.012169839452031202, "13": 0.0, "14": 0.0}, "f1-score - std - stair down": {"0": 0.047360937589308795, "1": 0.0, "2": 0.0, "3": 0.009289447845732825, "4": 0.0, "5": 0.0, "6": 0.018847541565115387, "7": 0.0, "8": 0.0, "9": NaN, "10": NaN, "11": NaN, "12": 0.013185762179577471, "13": 0.0, "14": 0.0}, "f1-score - std - run": {"0": 0.011822314803325719, "1": 0.0, "2": 0.0, "3": 0.004610777832808516, "4": 0.0, "5": 0.0, "6": 0.007238694629736074, "7": 0.0, "8": 0.0, "9": 0.005123742487610122, "10": 0.0, "11": 0.0, "12": NaN, "13": NaN, "14": NaN}, "f1-score - std - stair up and down": {"0": NaN, "1": NaN, "2": NaN, "3": NaN, "4": NaN, "5": NaN, "6": NaN, "7": NaN, "8": NaN, "9": 0.0067859514565713165, "10": 0.0, "11": 0.0, "12": NaN, "13": NaN, "14": NaN}, "precision - mean - sit": {"0": 0.9871690921690922, "1": 0.5131578947368421, "2": 0.5416666666666666, "3": 0.7424717158669535, "4": 0.4821917808219178, "5": 0.4870689655172414, "6": 0.7648491746512145, "7": 0.5, "8": 0.5195729537366548, "9": 0.7407922896355897, "10": 0.49684400360685305, "11": 0.4280732345248474, "12": 0.8376456771380422, "13": 0.8333333333333334, "14": 0.5572916666666666}, "precision - mean - stand": {"0": 0.9108464870661802, "1": 0.6666666666666666, "2": 0.24390243902439024, "3": 0.6015411633330243, "4": 0.16666666666666666, "5": 0.3962765957446808, "6": 0.850814321703008, "7": 1.0, "8": 0.5441176470588235, "9": 0.6950195357381576, "10": 0.5, "11": 0.20578034682080926, "12": 0.8636839455525532, "13": 0.5055762081784386, "14": 0.536}, "precision - mean - walk": {"0": 0.6925114052073753, "1": 0.6122448979591837, "2": 0.5645161290322581, "3": 0.8285656461036712, "4": 0.8198198198198198, "5": 0.7534626038781164, "6": 0.7646143688842983, "7": 0.8518518518518519, "8": 0.7888888888888889, "9": 0.6641602851602437, "10": 0.7818930041152263, "11": 0.7843137254901961, "12": 0.8310755075667993, "13": 0.8837209302325582, "14": 0.7615894039735099}, "precision - mean - stair up": {"0": 0.7377107950840587, "1": 0.6060606060606061, "2": 0.4827586206896552, "3": 0.7684971058608235, "4": 0.7928388746803069, "5": 0.7415730337078652, "6": 0.866389709172885, "7": 0.8974358974358975, "8": 0.7755102040816326, "9": NaN, "10": NaN, "11": NaN, "12": 0.903057892660829, "13": 0.9354838709677419, "14": 0.8899082568807339}, "precision - mean - stair down": {"0": 0.7780820927879752, "1": 0.7368421052631579, "2": 0.42857142857142855, "3": 0.9660084356423605,